tag_num,send_interval,success,collision,utilization,offered_load
50,10.0,2511,2378,0.12555000000000002,0.24445000000000003
